0,1,0,0,ネコ
1,1,10,0,タンクネコ
2,1,20,0,バトルネコ
3,1,30,0,キモネコ
4,1,40,0,ウシネコ
5,1,50,0,ネコノトリ
6,1,60,0,ネコフィッシュ
7,1,70,0,ネコトカゲ
8,1,80,0,巨神ネコ
9,1,1000090,1,ネコ女優
10,1,1000080,1,カンフーにゃんこ
11,1,1000130,1,Mr.
12,1,1000060,1,猫縛り
13,1,1000070,1,女王猫
14,1,1000040,1,ネコの箱詰め
15,1,1000120,1,ネコパンツ
16,1,1000150,1,もねこ
17,1,1000100,1,ネコリンリン
18,1,1000000,1,ネコ忍者
19,1,1000030,1,ネコゾンビ
20,1,1000020,1,ネコざむらい
21,1,1000010,1,スモウネコ
22,1,1000050,1,ネコフィーバー
23,1,1000110,1,ネコスカート
24,1,1910000,1,ネコヴァルキリー
25,1,1910010,1,ネコムート
26,1,1500000,1,ケリ姫
27,1,1500010,1,ネコひめ
28,1,1000180,1,ネコカプセル
29,1,1000190,1,マスクオブネコ
30,1,3000080,3,ネコぼさつ
31,1,3000070,3,ネコ番長
32,1,3000000,3,ネコザイル
33,1,3000030,3,ねこタツ
34,1,4801000,4,ネコルガ
35,1,3000020,3,オタネコ
36,1,3000050,3,ネコスイマー
37,1,2000000,2,ネコホッピング
38,1,2000010,2,ネコ車輪
39,1,3000040,3,ネコリンゴ
40,1,3000060,3,ネコバスたぶ
41,1,2000020,2,ネコエステ
42,1,4000000,4,ネコアイス
43,1,4000010,4,ネコマシン
44,1,4000020,4,鬼にゃんま
45,1,1000200,1,芸者ねこ
46,1,2000030,2,ねこジュラ
47,1,2000040,2,ねこファイター
48,1,2000050,2,ねこ海賊
49,1,2000060,2,ねこ泥棒
50,1,2000070,2,ねこ僧侶
51,1,2000080,2,ねこ占い師
52,1,2000090,2,ネコシャーマン
53,0,4900000,4,エヴァンジェリスト
54,1,1501000,1,10式戦車
55,1,2000100,2,ネコ魔女
56,1,2000110,2,ネコアーチャー
57,1,4000030,4,ネコシュバリエ
58,1,2000120,2,ネコ魔剣士
59,1,4000040,4,ねこベビー
60,1,2040000,2,ネコブ・ロンズ
61,1,3000010,3,ねこ寿司
62,1,1000210,1,ネコポン
63,1,2010000,2,ネコ運動会
64,1,2500000,2,剣士
65,1,2500010,2,ウシ姫
66,1,4500000,4,KHM48
67,1,2500020,2,チビガウ
68,1,3500010,3,執行者
69,1,3500000,3,眠れるケリの美女
70,1,2010010,2,ネコリーマン
71,1,4001000,4,真田幸村
72,1,4001010,4,前田慶次
73,1,4001020,4,織田信長
74,1,2010020,2,トナカイフィッシュ
75,1,4002000,4,風神のウィンディ
76,1,4002010,4,雷神のサンディア
77,1,2502000,2,ドロイド
78,1,2040010,2,ネコと宇宙
79,1,2010030,2,にゃんこ成人
80,1,2010040,2,吾輩は鬼である
81,1,2010050,2,ひなにゃんこ
82,1,1000220,1,ネコ忍者～青～
83,1,4003010,4,地龍ソドム
84,1,4003000,4,聖龍メギドラ
85,1,4003020,4,竜騎士バルス
86,1,4003030,4,神龍かむくら
87,1,4003040,4,竜戦機ライデン
88,1,2040020,2,ネコなわとび
89,1,4503000,4,ニムエ
90,1,4504000,4,猿王
91,1,3006000,3,狂乱のネコ
92,1,3006010,3,狂乱のタンクネコ
93,1,3006020,3,狂乱のバトルネコ
94,1,3006030,3,狂乱のキモネコ
95,1,3006040,3,狂乱のウシネコ
96,1,3006050,3,狂乱のネコノトリ
97,1,3006060,3,狂乱のネコフィッシュ
98,1,3006070,3,狂乱のネコトカゲ
99,1,3006080,3,狂乱の巨神ネコ
100,1,2010060,2,ネコ乙女
101,1,1503000,1,弱酸性エル
102,1,1504000,1,レッドマローン
103,1,1505000,1,歌謡にゃんこ
104,1,2010070,2,マジでコイしてる
105,1,4002020,4,猿帝のクウ
106,1,4002030,4,召し豚のカイ
107,1,4002040,4,宝杖のカッパーマイン
108,1,1000230,1,にゃんこ３兄弟
109,1,2010080,2,マダム・ザ・花嫁
110,1,2506000,2,セレス
111,1,2506010,2,ノノ
112,1,2506020,2,オルガ
113,1,2506030,2,ノルン
114,1,2506040,2,よいち
115,1,2506050,2,セラム
116,1,2506060,2,フウ
117,1,3506000,3,アウラ
118,1,3506010,3,レイ
119,1,4506000,4,ワイバーン
120,1,1506000,1,癒術士
121,1,1506010,1,メルク
122,1,2010090,2,女王様の休日
123,1,1000140,1,マメマメにゃんこ
124,1,4001030,4,伊達政宗
125,1,4001040,4,武田信玄
126,1,2040030,2,カラクリにゃんこ
127,1,1000170,1,ネコフラワー
128,1,2010100,2,うらめしにゃん
129,1,3001000,3,金ネコ
130,1,1920000,1,ウルフとウルルン
131,1,3001020,3,ねねこ
132,1,2010110,2,カンフーにゃんこＧ
133,1,1507000,1,ヒカキン
134,1,4004030,4,うらしまタロウ
135,1,4004040,4,ツルの恩返し
136,1,4004000,4,ももたろう
137,1,4004020,4,かさじぞう
138,1,4004010,4,かぐやひめ
139,0,1000240,1,ネコンドー
140,1,1000260,1,ふにゅふにゅネコ
141,1,1000250,1,神様
142,1,1508000,1,ネコチュートリアル
143,1,4000050,4,ねこナース
144,1,3001030,3,にゃんこ城Mini
145,1,2000130,2,ねこガンマン
146,1,2000140,2,たけうまねこ
147,1,2000150,2,ブリキネコ
148,1,2000160,2,ねこロッカー
149,1,2000170,2,ねこ人魚
150,1,3000090,3,窓辺の乙女ネコ
151,1,3000100,3,ネコバーベル
152,1,3000110,3,ネコスケート
153,1,3000120,3,ネコトースター
154,1,2040040,2,ねこフープ
155,0,4900010,4,156-1
156,1,2509000,2,ドラリー剣士
157,1,1509000,1,ヌボボ
158,1,4001050,4,上杉謙信
159,1,4002050,4,冥界のカリファ
160,1,3500020,3,ユーリンチー
161,1,4500010,4,狂乱のケリ姫
162,1,1510030,1,綾小路 翔
163,1,1510020,1,早乙女 光
164,1,1510040,1,西園寺 瞳
165,1,1510000,1,星グランマニエ
166,1,1510010,1,白鳥松竹梅
167,1,2512000,2,ネコヤンキー
168,1,4801010,4,アシルガ
169,1,4801020,4,クビルガ
170,1,4801030,4,テコルガ
171,1,4801040,4,バララガ
172,1,1920010,1,コニャンダム
173,1,3511000,3,厨房マンボウ
174,1,4511000,4,マンボ王
175,1,1511000,1,にゃんぼう
176,1,2020000,2,マシュマロにゃん
177,1,4003050,4,覇龍ディオラムス
178,1,1512000,1,極道にゃんこ
179,1,2513000,2,タクヤとユキ
180,1,4513000,4,謎の少女ユキ
181,1,1513000,1,ゆきにゃん
182,0,1514000,1,183-1
183,1,2020010,2,にゃんこカートR
184,1,1515000,1,ミスターニンジャ
185,1,4506010,4,ハルシュト
186,1,4506020,4,コーネリア
187,1,4506030,4,ユーヴェンス
188,1,4506040,4,ミスティカ
189,1,3506020,3,アロイス
190,1,3506030,3,シトルイユ
191,1,1506020,1,ティティ
192,1,1516000,1,山岡実乃里
193,1,1516010,1,中村奏絵
194,1,4005000,4,アキラ
195,1,4005010,4,西園寺メカ子
196,1,4005020,4,キャットマンダディ
197,1,2000180,2,サイキックネコ
198,1,2000190,2,ねこ陰陽師
199,1,3000130,3,ネコサーファー
200,1,3001010,3,メタルネコ
201,1,2040050,2,ドラムメニャー
202,1,1000270,1,ネコ小籠包
203,1,4004050,4,カチカチヤマンズ
204,1,1517000,1,アイルー
205,1,1517010,1,シェリア【キリン】
206,1,1517020,1,リオレウス
207,1,1517030,1,リオレイア
208,1,1517040,1,キリンネコ
209,1,1900000,1,ちびネコ
210,1,1900010,1,ちびタンクネコ
211,1,1900020,1,ちびバトルネコ
212,1,4005030,4,ホワイトラビット
213,1,1000290,1,にゃんこバーガー
214,1,2518000,2,百太郎
215,1,2518010,2,マルコ
216,1,2518020,2,ターマ
217,1,2518030,2,エリ
218,1,2518040,2,フィオ
219,1,3518000,3,SV-001
220,1,3518010,3,アレン・オニール
221,1,2518050,2,マーズピープル
222,1,4518000,4,ヒュージハーミット
223,1,4518010,4,ジュピターキング
224,1,4518020,4,モーデン元帥
225,1,4518030,4,ハイ・ドゥ
226,1,4005040,4,呪術師デスピエロ
227,1,2020030,2,にゃんぷきん
228,1,3001021,3,ハロウィンねねこ
229,1,4002001,4,ウィンディスイート
230,1,4002011,4,デビルサンディア
231,1,1519000,1,おでん
232,1,2519000,2,光の神徒ヴァルキリー
233,1,2519010,2,神徒ブリュンヒルデ
234,1,2519020,2,神徒スルズ
235,1,3519000,3,豊穣の女神フレイヤ
236,1,4519000,4,軍神オーディン
237,1,3002000,3,おかめはちもくネコ
238,1,3002010,3,ボンボンネコ
239,1,3002020,3,見習いスニャイパー
240,1,4801050,4,トゲルガ
241,1,4002031,4,雪だるまのスノーカイ
242,1,4002021,4,サンタのメリークウ
243,1,4002041,4,聖夜のシスターカッパー
244,1,2020040,2,ネコのプレゼント
245,1,1900030,1,ちびキモネコ
246,1,1900040,1,ちびウシネコ
247,1,1900050,1,ちびネコノトリ
248,1,1520000,1,死にたてにゃんこ
249,1,2521000,2,剣士
250,1,2521010,2,騎馬兵
251,1,2521020,2,アシュラ
252,1,2521030,2,バトルバルーン
253,1,2521040,2,ドラゴンライダー
254,1,2521050,2,プリティキャット
255,1,2521060,2,サイクロプス
256,1,1521000,1,ゴーレム
257,1,4006000,4,天空神ゼウス
258,1,4006010,4,守護神アヌビス
259,1,4006020,4,美女神アフロディーテ
260,1,3007000,3,ネコウェイ
261,1,4005050,4,天誅ハヤブサ
262,1,1522000,1,ニャームス
263,1,1522010,1,ポチ
264,1,1522020,1,クロミ
265,1,1522030,1,せつ子
266,1,1522040,1,ねば～る君
267,1,3007010,3,ネコタイフーン
268,1,1920020,1,ネコずきんミーニャ
269,1,4805000,4,幼獣ガオ
270,1,4513010,4,狂乱のユキ
271,1,4006030,4,太陽神アマテラス
272,1,4006040,4,繁栄神ガネーシャ
273,1,3007040,3,チアにゃんこ
274,1,4002051,4,トロピカルカリファ
275,1,4005031,4,真夏のホワイトラビット
276,1,3001022,3,夏色ねねこ
277,1,2523000,2,なめこ
278,1,1523000,1,なめこタンク
279,1,1523010,1,白ネコなめこ
280,1,1523020,1,要塞なめこ
281,1,2524000,2,ふてニャン
282,1,2020050,2,ネコ阿波踊り
283,1,4803000,4,猫飯拳パイパイ
284,1,3007020,3,ネコ特急
285,0,1000280,1,286-1
286,1,4803010,4,閃雷機兵レイ
287,1,3007030,3,ネコ球児
288,1,4525000,4,鹿目まどか
289,1,4525010,4,暁美ほむら
290,1,4525020,4,美樹さやか
291,1,4525030,4,巴マミ
292,1,4525040,4,佐倉杏子
293,1,3525000,3,キュゥべえ
294,1,2525020,2,ネコまどか
295,1,2525030,2,ネコほむら
296,1,2525040,2,ネコさやか
297,1,2525050,2,ネコマミ
298,1,2525060,2,ネコ杏子
299,1,2525000,2,ちびまどか
300,1,1525000,1,ちびほむら
301,1,2525010,2,ネコキュゥべえ
302,1,4000001,4,ネコアイスゴースト
303,1,2020060,2,ネコ屋台
304,1,4007000,4,帝国陸軍カタパルズ
305,1,4007010,4,古代軍船ガレーズ
306,1,4007020,4,飛空襲撃ボンバーズ
307,1,3000140,3,ネコジャンパー
308,1,2000200,2,ネコバサミ
309,1,1526000,1,ネコ博士
310,1,4000051,4,ネコナースキャンドル
311,1,1900060,1,ちびネコフィッシュ
312,1,1900070,1,ちびネコトカゲ
313,1,1900080,1,ちび巨神ネコ
314,1,3001023,3,大掃除ねねこ
315,1,2527000,2,ピコ太郎
316,1,4006050,4,海王神ポセイドン
317,1,1527000,1,CPAC
318,1,4805010,4,巫女姫ミタマ
319,1,2030000,2,殺意のネコ
320,0,2528000,2,321_1
321,1,1529000,1,ナゾウサギ
322,1,4004060,4,さるかに合戦
323,1,1920030,1,宮木武蔵
324,1,2040060,2,ネコストーン
325,1,2000210,2,ネコボクサー
326,1,4530000,4,メビウス
327,1,3530000,3,ベリアル
328,1,1530000,1,ハッピー100
329,1,2020070,2,ネコエッグ
330,1,4001051,4,上杉謙信・春
331,1,4005041,4,道化師エッグダック
332,1,3001024,3,イースターねねこ
333,1,4805001,4,黒獣ガオウ
334,1,4800000,4,狐娘ヒメユリ
335,1,4800010,4,人魚娘ルリィ
336,1,4800020,4,ミイラ娘レイカ
337,1,4500020,4,プリンセスケリ姫号
338,1,4001060,4,今川義元
339,0,1999999,1,340_1
340,1,2513010,2,赤髪のゆきにゃん
341,1,4513020,4,失われし世界のユキ
342,1,1000300,1,ネコまねき
343,1,2020080,2,なめネコ
344,1,3506040,3,オルトス
345,1,4506050,4,ミシェリア
346,1,4506060,4,とどめき
347,1,1531000,1,ぐでたまにゃんこ
348,1,2531000,2,ぐでたまプレート
349,1,3531000,3,ぐでぐでプリン
350,1,4531000,4,ニセたま軍団
351,1,4002060,4,双掌星のシシル＆コマリ
352,1,1990000,1,ネコ仙人
353,0,2532000,2,チョコレート
354,1,4002032,4,常夏の果実カイ
355,1,4007030,4,観測兵器ガリレオ
356,1,1533000,1,ノラ
357,1,4800030,4,狼娘ディル
358,1,4800040,4,ゾンビ娘ヴェルヴェーヌ
359,1,4008000,4,火の精霊メララ
360,1,4008010,4,水の精霊ミズリィ
361,1,4008020,4,風の精霊エアル
362,1,4534000,4,セイバー
363,1,4534010,4,遠坂 凛
364,1,4534020,4,イリヤスフィール
365,1,4534030,4,アーチャー
366,1,4534040,4,ランサー
367,1,4534050,4,ライダー
368,1,4534060,4,ギルガメッシュ
369,1,1534000,1,ネコセイバー
370,1,2534010,2,ネコ桜
371,1,2534020,2,ネコ凛
372,1,2534030,2,ネコイリヤ
373,1,2534000,2,ちび士郎
374,1,1534010,1,ちび桜
375,1,1000310,1,記念ネコ
376,1,2000220,2,ネコ探査機
377,1,3000150,3,ネコフェンシング
378,1,4805011,4,黒無垢のミタマ
379,1,2040070,2,ネコバレー
380,1,4805020,4,幼傑ダルターニャ
381,1,1000320,1,ねこ農家
382,1,2040080,2,ガラスネコ
383,1,1990010,1,謎仮面のウララー
384,1,1535000,1,氷上聡里＆ネコ
385,1,2535000,2,矢部明雄
386,1,2535010,2,虹谷彩理
387,1,2535020,2,紺野美崎
388,1,2535030,2,片桐恋
389,1,2535040,2,猫塚かりん
390,1,3535000,3,早川あおい
391,1,3535010,3,橘みずき
392,1,3535020,3,六道聖
393,1,4535000,4,新島早紀
394,1,4535010,4,星井スバル
395,1,4535020,4,小山雅
396,1,4003060,4,古龍ガングリオン
397,1,4803020,4,風隼さくら
398,1,1536000,1,ハニトンくん
399,1,2537000,2,めんトリ
400,1,1537000,1,イモウト
401,1,4008030,4,雷の精霊ボルト
402,1,2538000,2,ちびシンジ
403,1,1538000,1,ネコゲンドウ＆ネコ冬月
404,1,2538010,2,ネコキリン初号機
405,1,1538010,1,ちびカヲル
406,1,2538020,2,ネコレイ
407,1,2538030,2,ネコアスカ
408,1,2538040,2,ネコマリ
409,1,3538000,3,ちびレイ
410,1,3538010,3,ちびアスカ
411,1,3538020,3,ちびマリ
412,1,4538000,4,エヴァ零号機
413,1,4538010,4,エヴァ初号機
414,1,4538020,4,エヴァ２号機
415,1,4538050,4,ネコシンジ
416,1,4538060,4,ゼロムーンオペレーターズ
417,1,4007040,4,温泉天国テルマエ
418,1,1000160,1,狂乱のもねこ
419,1,2539000,2,ポコタ
420,1,2539010,2,オビス
421,1,2539020,2,ココ
422,1,2540000,2,太秦萌＆ネコ
423,1,2540010,2,松賀咲＆ネコ
424,1,2540020,2,小野ミサ＆ネコ
425,1,1540000,1,太秦麗＆ネコ
426,1,1920040,1,ぶんぶんネコライダー
427,1,4000060,4,ネコクエスト
428,1,2513030,2,そうまにゃん
429,1,3513000,3,オタネコギーク
430,1,4531010,4,ぐでネコマシン
431,1,4005060,4,亡者探偵ヴィグラー
432,0,2541000,2,433_1
433,0,1541000,1,434_1
434,1,1521010,1,白にゃんこ剣士
435,1,4802000,4,ちびネコヴァルキリー
436,1,4801060,4,ノビルガ
437,1,1910020,1,激・神さま
438,1,4002022,4,灼熱のビーチクウ
439,1,4006060,4,時空神クロノス
440,1,4525050,4,ベベ
441,1,4805021,4,影傑ダークダルターニャ
442,1,2040090,2,子連れにゃんこ
443,1,3003000,3,戦隊ドリラ
444,1,3003010,3,戦隊ウチコンガ
445,1,3003020,3,戦隊チョキンドス
446,1,3003030,3,戦隊ショベリン
447,1,3003040,3,戦隊チャッソ
448,1,5001000,5,宮本武蔵
449,1,5002000,5,聖会長ジャンヌダルク
450,1,5003000,5,天城龍バベル
451,1,5004000,5,うしわか丸
452,1,2040100,2,古代ネコ
453,1,1542000,1,きたろう
454,1,1542010,1,目玉おやじ
455,1,5000000,5,ワンダー・モモコ
456,1,4534070,4,間桐 桜
457,1,1534020,1,ネコ士郎
458,1,2534040,2,アーチャーネコ
459,1,2534050,2,ネコライダー
460,1,3534000,3,ネコ言峰＆ネコギルガメッシュ
461,1,5901000,5,レジェルガ
462,1,1910030,1,フィリバスターX
463,1,5007000,5,終末兵器ムー
464,1,1930000,1,土偶戦士ドグ丸
465,0,2543000,2,majimeow（仮）
466,1,5544000,5,ブラックゼウス
467,1,4544000,4,スーパーゼウス
468,1,4544020,4,聖フェニックス
469,1,4544030,4,スーパーデビル
470,1,4544040,4,サタンマリア
471,1,4544050,4,ヘラクライスト
472,1,3544000,3,ネロ魔身
473,1,2544000,2,ヤマト王子
474,1,1544000,1,十字架天使
475,1,1544010,1,ネコ若神子
476,1,1544020,1,ネコデビル
477,1,1544030,1,ネコの助
478,1,5008000,5,幻の精霊ルミナ
479,1,1000330,1,グミネコ
480,1,2542000,2,ねこ娘
481,1,5005000,5,超越科学者ヘヴン博士
482,1,4513030,4,幸せを願った少年ソウマ
483,1,2513020,2,カノとソウマ
484,1,4802010,4,黒ちびネコヴァルキリー
485,1,4500030,4,カレット
486,1,3500030,3,ひな
487,1,4538030,4,エヴァ８号機
488,1,4538070,4,空中艦艇ネコヴンダー
489,1,3538030,3,ちびミサト
490,1,3538040,3,ちびリツコ
491,1,3538050,3,ちびアヤナミレイ(仮称)
492,0,2545000,2,493_1
493,1,5006000,5,創造神ガイア
494,1,4002042,4,潮風のセーラーカッパー
495,1,2000230,2,ネコマタドール
496,1,4001070,4,成田甲斐
497,0,1546000,1,498_1
498,0,1546010,1,499_1
499,0,1546020,1,500_1
500,0,1546030,1,501_1
501,1,2020020,2,ネコ兄弟S
502,1,4002070,4,英雄令嬢メルシュ
503,1,2547000,2,ネコ２Ｄ
504,1,1548000,1,おやじネコ(店主)
505,1,4003070,4,角龍グラディオス
506,1,4506070,4,アイウォルツ
507,1,2040110,2,スーパーにゃん
508,1,2549000,2,ネコリュウ
509,1,1549000,1,ネコ春麗
510,1,5549000,5,豪鬼
511,1,4549000,4,リュウ
512,1,4549010,4,春麗
513,1,4549020,4,ガイル
514,1,4549030,4,ザンギエフ
515,1,4549040,4,ブランカ
516,1,4549050,4,ダルシム
517,1,4549060,4,ケン
518,1,2549010,2,ゴウキリン
519,1,4000070,4,ラスヴォース
520,1,3004000,3,ネコ七福神
521,1,2040120,2,ネコメデューサ
522,1,3000160,3,泉のネコ女神
523,1,2000240,2,ネコ武闘家
524,1,2550000,2,ソラカラちゃん
525,1,4004070,4,きんたろう
526,1,4002061,4,冬天使のシシル＆コマリ
527,1,2040130,2,ネコスライム
528,1,2040140,2,ネコサック
529,1,4805030,4,厄災の子キャスリィ
530,1,4500040,4,エルメ
531,1,2040150,2,ネコックマ
532,1,1930010,1,フェンリルとウルス
533,1,4005070,4,マッドシューター・サキ
534,1,4006070,4,冥界神ハデス
535,1,4551000,4,初音ミク
536,1,4551010,4,桜ミク
537,1,4551020,4,鏡音リン＆レン
538,1,2551000,2,ネコミク
539,1,2040160,2,ラガーにゃん
540,1,2552000,2,ネコU.F.O.
541,1,1552000,1,ネコヤキソバン
542,1,1000340,1,ネコ少年
543,1,4805031,4,禍根の魔女キャスリィ
544,1,5900000,5,京坂七穂
545,1,2040170,2,ネコファントム
546,1,4801070,4,オイルガ
547,1,4538080,4,白夜姫のレイ
548,1,4538100,4,第４の使徒
549,1,4538110,4,第６の使徒
550,1,4538130,4,第１０の使徒
551,1,4538120,4,第９の使徒
552,1,2538050,2,ネコカヲル
553,1,2040180,2,ネコベーカリー
554,1,1990020,1,達人ウリル
555,1,4544060,4,シャーマンカーン
556,1,3544010,3,騎神アリババ
557,1,1544040,1,天子男ジャック
558,1,1000350,1,レアガチャネコ
559,1,4803030,4,地獄警官エマ
560,1,4551030,4,巡音ルカ
561,1,3551000,3,MEIKO＆ネコ
562,1,2551010,2,ネコルカ
563,1,4005071,4,アクアシューター・サキ
564,1,4801001,4,ネコルガの夏
565,1,3004010,3,日焼けネコ
566,1,3004020,3,救命にゃんこ
567,1,1521020,1,チビクロプスネコタマゴ
568,1,1920050,1,イディ:N
569,1,4008040,4,石の精霊ゴロー
570,1,4003021,4,竜騎士スカルバルス
571,1,4549070,4,エドモンド本田
572,1,4549080,4,バイソン
573,1,4549090,4,バルログ
574,1,4549100,4,サガット
575,1,4549110,4,ベガ
576,1,3549000,3,ネコモンド本田
577,1,2549020,2,ネコバイソン
578,1,2549030,2,ネコバルログ
579,1,2549040,2,ネコサガット
580,1,2549050,2,ネコベガ
581,1,2040190,2,ごろにゃん
582,1,4551040,4,初音ミク マジカルミライ2020大阪
583,1,4551050,4,初音ミク マジカルミライ2020東京
584,1,4001011,4,前田サンタ慶次
585,1,4805040,4,幼獣ガル
586,1,5950000,5,ネコ王子
587,1,4006021,4,恋女神ショコラディーテ
588,1,4002071,4,初恋令嬢メルシュ
589,1,3001025,3,バレンタインねねこ
590,1,4551060,4,雪ミク 2021
591,1,3551010,3,KAITO＆ネコ
592,1,2551020,2,ネコリン
593,1,2551030,2,ネコレン
594,1,4007050,4,空中商会コロンブス
595,1,4003031,4,春龍かむくら
596,1,4553000,4,早乙女乱馬(男)
597,1,4553020,4,天道あかね
598,1,4553030,4,響良牙(ブタ)
599,1,4553040,4,シャンプー(猫)
600,1,4553050,4,ムース(アヒル)
601,1,3553000,3,八宝斉
602,1,3553010,3,久遠寺右京(男装)
603,1,3553020,3,九能帯刀(道着)
604,1,2553000,2,ネコ乱馬(男)
605,1,2553010,2,ネコあかね
606,1,1553000,1,ネコパンダ
607,1,4800050,4,冒険家カンナ
608,1,1000360,1,ネコウエハース
609,1,4805041,4,黒獣ガルディアン
610,1,1000370,1,金塊ネコ
611,1,2554000,2,ネコゴジラ
612,1,4804000,4,ネコ王女
613,1,1930020,1,古神面ドロン
614,1,4004011,4,渚のかぐやひめ
615,1,1000380,1,カブトネコ
616,1,1000390,1,クワガタネコ
617,1,4000080,4,召喚少年サトル
618,1,4001080,4,天草四郎
619,1,4002080,4,妖賢女リリン
620,1,4003080,4,邪龍ヘヴィジャーク
621,1,2040200,2,悪魔研究家
622,1,1910040,1,ジャガンドーJr
623,1,2040210,2,ネコハーメルン
624,1,4555000,4,熱血硬派くにおくん
625,1,4801080,4,オコルガ
626,1,1000400,1,ネコキリンモドキ
627,1,1000410,1,ネコノトリッキー
628,1,1000420,1,ネコノドラゴーン
629,1,3005000,3,洗脳されしネコ
630,1,2040220,2,ネコ書道
631,1,4008050,4,闇の精霊ヤミィ
632,1,4007060,4,超竜戦機デス・トロイ
633,1,4004080,4,舌切りすずめ
634,1,4005080,4,白騎士キュクロプス
635,1,1000430,1,100万ドルのネコ
636,1,3005010,3,洗脳されしタンクネコ
637,1,1556000,1,シャオチョン＆ネコ
638,1,2556000,2,ナナ＆ネコ
639,1,2556010,2,エミリア＆ネコ
640,1,1556010,1,ジェアー＆ネコ
641,1,4805050,4,踊り子イズ
642,1,4006080,4,堕天神ルシファー
643,1,90,0,ネコ超人
644,1,4005011,4,白い恋人メカ子
645,1,3005020,3,洗脳されしバトルネコ
646,1,1000440,1,爆竹ネコ
647,1,4002090,4,狩猟娘テルン
648,1,4000021,4,恋番長・鬼にゃんま
649,1,4001090,4,服部半蔵
650,1,1000450,1,幼馴染にゃん子
651,1,1000460,1,おてんばネコライオン
652,1,1000470,1,ネコクバンケシ
653,1,1930030,1,古獣ナーラ
654,1,3005030,3,洗脳されしキモネコ
655,1,4008060,4,氷の精霊フリズ
656,1,1050000,1,古びたタマゴ:N001
657,1,4805051,4,悲嘆の踊り子イズ
658,1,2050000,2,古びたタマゴ:N101
659,1,2050010,2,古びたタマゴ:N102
660,1,4003090,4,海龍ダライアサン
661,1,4006061,4,祝福神クロノス
662,1,3005040,3,洗脳されしウシネコ
663,1,2050020,2,古びたタマゴ:N103
664,1,2050030,2,古びたタマゴ:N104
665,1,1050010,1,古びたタマゴ:N201
666,1,4002081,4,ナイトビーチリリン
667,1,3005050,3,洗脳されしネコノトリ
668,1,4000090,4,ネコ天狗
669,1,1050020,1,古びたタマゴ:N003
670,1,1050030,1,古びたタマゴ:N202
671,1,4553010,4,早乙女らんま(レオタード)
672,1,3553030,3,早乙女玄馬(パンダ)
673,0,4900020,4,ネコチーター
674,1,4007070,4,周遊芸団カルーセルズ
675,1,2050040,2,古びたタマゴ:N105
676,1,2050050,2,古びたタマゴ:N106
677,1,2557000,2,三雲修＆ネコ
678,1,2557010,2,空閑遊真＆ネコ
679,1,1557000,1,雨取千佳＆ネコ
680,1,4549120,4,さくら
681,1,4549130,4,ルーク
682,1,4800060,4,女神ベガ
683,1,4001001,4,伯爵・真田幸村
684,1,3005060,3,洗脳されしネコフィッシュ
685,1,1050040,1,古びたタマゴ:N004
686,1,4803040,4,光の女神シリウス
687,1,4002091,4,トナカイ娘テルン
688,1,3005070,3,洗脳されしネコトカゲ
689,1,1000500,1,石の上にも10年ネコ
690,1,4805060,4,運命の子フォノ
691,1,1930040,1,古びたタマゴ:N000
692,1,4004090,4,いっすん法師
693,1,4005061,4,白執事探偵ヴィグラー
694,1,3005080,3,洗脳されし巨神ネコ
695,1,2030010,2,殺意のタンクネコ
696,1,1000480,1,ネコ委員長
697,1,2050060,2,古びたタマゴ:N107
698,1,4005090,4,サンダージャック
699,1,4000081,4,決闘少年ラビットサトル
700,1,1050050,1,古びたタマゴ:N005
701,1,2558000,2,にゃんこ仮面ライダー
702,1,2558010,2,ゴジラにゃんこ
703,1,2558020,2,エヴァンゲリオンにゃんこ
704,1,2558030,2,ウルトラマンにゃんこ
705,1,4805061,4,非命の王フォノウ
706,1,3008000,3,古びたタマゴ:N108
707,1,2050070,2,古びたタマゴ:N109
708,1,2040230,2,ネコジェット
709,1,4538090,4,隻眼の少女アスカ
710,1,4538040,4,エヴァ第１３号機
711,1,4801041,4,バララガの誓い
712,1,4801090,4,カオルガ
713,1,1050060,1,古びたタマゴ:N203
714,1,4800051,4,波打ち際の冒険家カンナ
715,1,4007080,4,建築兵団スフィンクス
716,1,3008010,3,古びたタマゴ:N111
717,1,2050080,2,古びたタマゴ:N110
718,1,2040240,2,ネコもろこし
719,1,4008070,4,鉄の精霊カッチン
720,1,1050070,1,古びたタマゴ:N006
721,1,4555010,4,花園高校番長りき
722,1,4551070,4,初音ミク 16th
723,1,4006090,4,光翼神イシス
724,1,2050090,2,古びたタマゴ:N112
725,1,4800070,4,忍者娘トモエ
726,1,1000510,1,ネコメダル王
727,1,4518040,4,ソル・デ・ロカ
728,1,1940000,1,論の賢者ソラクティス
729,0,-1,1,730_1
730,1,1050080,1,古びたタマゴ:N204
731,1,5990000,5,暁のイザナギ
732,0,-1,5,733_1
733,1,4002100,4,鉄籠のペガサ
734,0,-1,4,735_1
735,1,1000490,1,ネコ校長
736,1,4000002,4,ネコアイスホワイトスター
737,1,4002052,4,スプリングカリファ
738,1,5990010,5,宵のイザナミ
739,0,-1,5,740_1
740,0,1000520,1,741-1
741,0,4559000,4,742-1
742,0,2559000,2,743-1
743,0,2559010,2,744-1
744,0,1559000,1,745-1
745,0,1559010,1,746-1
746,1,4560000,4,緋村剣心
747,1,4560010,4,相楽左之助
748,1,4560020,4,四乃森蒼紫
749,1,4560030,4,斎藤一
750,1,3560000,3,ちび薫
751,1,3560010,3,ちび弥彦
752,1,2560000,2,ネコ剣心
753,1,1560000,1,ネコ薫
754,1,4001100,4,明智光秀
755,0,-1,4,756_1
756,1,4000011,4,ネコケーキマシン挙式
757,1,1050090,1,古びたタマゴ:N205
758,1,4802020,4,謎の傭兵トリクシー
759,1,4002012,4,サマーフェスサンディア
760,1,4003100,4,砲龍ガンドロス
761,0,-1,4,762_1
762,1,4544010,4,天空神スーパーゼウス
763,1,4000100,4,ネコダイナザウルス
764,0,-1,4,765_1
765,1,1050100,1,古びたタマゴ:N206
766,1,1511010,1,イワシ
767,1,1511020,1,イカ
768,1,4506080,4,たいてんき
769,1,4004100,4,花咲かじいさん
770,0,-1,4,771-1
771,1,1930050,1,生命の賢者Dr.ノーヴァ
772,1,4003011,4,パンプキンソドム
773,1,3004030,3,スモウ・ザ・ミイラ
774,1,4005100,4,特命機動アクセル
775,0,-1,4,776-1
776,1,1000530,1,見習い武者ネコ
777,1,4001071,4,冬将軍・成田甲斐
778,1,4525060,4,ネコまどか＆ほむら
779,1,4805070,4,幼天女ルーナ
780,1,2040250,2,ネコボウラー
781,1,4801100,4,マモルガ
782,0,-1,4,783-1
783,1,4802040,4,こねこ
784,1,1000540,1,チョコサプネコC
785,1,2030030,2,殺意のキモネコ
786,1,4005021,4,マジシャンキャットマン
787,1,4805071,4,冥護の天女ルナーシャ
788,0,1000550,1,789-1
789,1,4561000,4,範馬刃牙
790,1,4561010,4,烈海王
791,1,4561020,4,花山薫
792,1,4561030,4,愚地克巳
793,1,4561040,4,ジャック・ハンマー
794,1,3561000,3,ネコオーガ
795,1,1561000,1,ちび刃牙
796,1,1561010,1,ネコ刃牙
797,1,1561020,1,ネコ海王
798,1,1561030,1,ネコ独歩
799,1,4007090,4,曲射砲台ランチャーズ
800,0,-1,4,801-1
801,1,1940010,1,理の賢者ニュトーン
802,0,-1,1,802-1
803,1,4562000,4,ソニック
804,1,4562010,4,テイルス
805,1,4562020,4,ナックルズ
806,1,4562030,4,シャドウ
807,1,2562000,2,ネコソニック
808,1,1562000,1,ネコテイルス
809,1,2562010,2,ネコシャドウ
810,1,4802030,4,エージェント・スタール
811,1,4006100,4,韋駄天スカンダ
812,0,-1,4,812-1
813,1,1511030,1,タスマニアオオガニ
814,1,4538140,4,エヴァ量産機
815,1,5538000,5,月影の少年カヲル
816,0,-1,5,817-1
817,1,4008080,4,樹の精霊コモリ
818,0,-1,4,819-1
819,1,2040260,2,ネコ大工
820,1,4002101,4,シーサイドペガサ
821,0,-1,4,822_1
822,1,1000560,1,ネココンサルタント
823,1,1000570,1,ネコ店長＆ネコ店員
824,1,4800080,4,魔導師シドミ
825,0,-1,4,826-1
826,1,4549140,4,キャミィ
827,1,4549150,4,ジュリ
828,1,3549010,3,ネコザンギエフ
829,1,3549020,3,ネコジェイミー
830,1,4002110,4,獅子番長ラクレス
831,1,1000580,1,スカーフにゃんこ
832,1,1000590,1,ハットにゃんこ
833,1,1000600,1,ヘルメットにゃんこ
834,1,1000610,1,ゴーグルにゃんこ
835,1,1000620,1,リボンにゃんこ
836,1,4801500,4,ニャンコオー